--
-- Daten für Tabelle `alerts`
--

INSERT IGNORE INTO `alerts` (`id`, `storage_area_id`, `iot_device_id`, `message`, `level`, `silenced`, `created_on`, `modified_on`, `created_by_user_oid`, `modified_by_user_oid`) VALUES
(1, 8, 2, 'Charging failed', 50, 0, '2018-06-22 17:33:05', '2018-06-22 17:33:05', NULL, NULL),
(2, 3, NULL, 'I13 ISX overfill', 20, 0, '2018-06-22 17:33:05', '2018-06-22 17:33:05', NULL, NULL);

--
-- Daten für Tabelle `carrier`
--

INSERT IGNORE INTO `carrier` (`id`, `created_on`, `modified_on`, `created_by_user_oid`, `modified_by_user_oid`, `name`, `company_id`) VALUES
(18, '2019-02-08 13:12:06', '2019-02-08 13:12:06', 0x31000000000000000000000000000000, 0x31000000000000000000000000000000, 'DHL', 5),
(19, '2019-02-08 13:12:14', '2019-02-08 13:12:14', 0x31000000000000000000000000000000, 0x31000000000000000000000000000000, 'DPD', 6);

--
-- Daten für Tabelle `company`
--

INSERT IGNORE INTO `company` (`id`, `created_on`, `modified_on`, `created_by_user_oid`, `modified_by_user_oid`, `name`) VALUES
(1, '2019-02-08 11:50:29', '2019-02-12 14:09:50', 0x31000000000000000000000000000000, 0x31000000000000000000000000000000, 'WMS Logistics AG'),
(2, '2019-02-08 11:57:48', '2019-02-08 11:57:48', 0x31000000000000000000000000000000, 0x31000000000000000000000000000000, 'Rotkäppchen-Mumm Sektkellereien GmbH'),
(3, '2019-02-12 13:50:25', '2019-02-12 13:50:25', 0x31000000000000000000000000000000, 0x31000000000000000000000000000000, 'Edeka AG'),
(4, '2019-02-12 14:01:44', '2019-02-12 14:09:42', 0x31000000000000000000000000000000, 0x31000000000000000000000000000000, 'WMS Retail AG'),
(5, '2019-02-12 14:08:31', '2019-02-12 14:08:32', 0x31000000000000000000000000000000, 0x31000000000000000000000000000000, 'DHL Paket GmbH'),
(6, '2019-02-12 14:09:25', '2019-02-12 14:09:25', 0x31000000000000000000000000000000, 0x31000000000000000000000000000000, 'DPD Deutschland GmbH');

--
-- Daten für Tabelle `gate`
--

INSERT IGNORE INTO `gate` (`id`, `created_on`, `modified_on`, `created_by_user_oid`, `modified_by_user_oid`, `site_id`, `storage_location_id`, `gate_no`, `map_uri`) VALUES
(18, '2019-02-08 13:13:17', '2019-09-04 16:03:49', 0x31000000000000000000000000000000, 0x31000000000000000000000000000000, 3, 38, '001', 'maps/str/gate_1_20.png'),
(19, '2019-02-08 13:13:25', '2019-09-04 16:03:38', 0x31000000000000000000000000000000, 0x31000000000000000000000000000000, 3, 39, '002', 'maps/str/gate_1_20.png'),
(20, '2019-02-08 13:13:30', '2019-09-04 16:03:59', 0x31000000000000000000000000000000, 0x31000000000000000000000000000000, 3, 40, '003', 'maps/str/gate_1_20.png'),
(21, '2019-02-08 13:13:34', '2019-02-08 13:13:34', 0x31000000000000000000000000000000, 0x31000000000000000000000000000000, 3, NULL, '004', 'maps/str/gate_1_20.png'),
(22, '2019-02-08 13:13:40', '2019-02-08 13:13:40', 0x31000000000000000000000000000000, 0x31000000000000000000000000000000, 3, NULL, '005', 'maps/str/gate_1_20.png'),
(23, '2019-02-08 13:13:44', '2019-02-08 13:13:44', 0x31000000000000000000000000000000, 0x31000000000000000000000000000000, 3, NULL, '006', 'maps/str/gate_1_20.png'),
(24, '2019-02-08 13:13:50', '2019-02-08 13:13:50', 0x31000000000000000000000000000000, 0x31000000000000000000000000000000, 3, NULL, '007', 'maps/str/gate_1_20.png'),
(25, '2019-02-08 13:13:56', '2019-02-08 13:13:56', 0x31000000000000000000000000000000, 0x31000000000000000000000000000000, 3, NULL, '008', 'maps/str/gate_1_20.png'),
(26, '2019-02-08 13:14:02', '2019-02-08 13:14:02', 0x31000000000000000000000000000000, 0x31000000000000000000000000000000, 3, NULL, '009', 'maps/str/gate_1_20.png'),
(27, '2019-02-08 13:14:07', '2019-02-08 13:14:08', 0x31000000000000000000000000000000, 0x31000000000000000000000000000000, 3, NULL, '010', 'maps/str/gate_1_20.png'),
(28, '2019-02-08 13:14:14', '2019-02-08 13:14:14', 0x31000000000000000000000000000000, 0x31000000000000000000000000000000, 3, NULL, '011', 'maps/str/gate_1_20.png'),
(29, '2019-02-08 13:14:19', '2019-02-08 13:14:19', 0x31000000000000000000000000000000, 0x31000000000000000000000000000000, 3, NULL, '012', 'maps/str/gate_1_20.png'),
(30, '2019-02-08 13:14:24', '2019-02-08 13:14:24', 0x31000000000000000000000000000000, 0x31000000000000000000000000000000, 3, NULL, '013', 'maps/str/gate_1_20.png'),
(31, '2019-02-08 13:14:28', '2019-02-08 13:14:28', 0x31000000000000000000000000000000, 0x31000000000000000000000000000000, 3, NULL, '014', 'maps/str/gate_1_20.png'),
(32, '2019-02-08 13:14:32', '2019-02-08 13:14:32', 0x31000000000000000000000000000000, 0x31000000000000000000000000000000, 3, NULL, '015', 'maps/str/gate_1_20.png'),
(33, '2019-02-08 13:14:37', '2019-02-08 13:14:37', 0x31000000000000000000000000000000, 0x31000000000000000000000000000000, 3, NULL, '016', 'maps/str/gate_1_20.png'),
(34, '2019-02-08 13:14:42', '2019-02-08 13:14:42', 0x31000000000000000000000000000000, 0x31000000000000000000000000000000, 3, NULL, '017', 'maps/str/gate_1_20.png'),
(35, '2019-02-08 13:14:47', '2019-02-08 13:14:47', 0x31000000000000000000000000000000, 0x31000000000000000000000000000000, 3, NULL, '018', 'maps/str/gate_1_20.png'),
(36, '2019-02-08 13:14:53', '2019-02-08 13:14:53', 0x31000000000000000000000000000000, 0x31000000000000000000000000000000, 3, NULL, '019', 'maps/str/gate_1_20.png'),
(37, '2019-02-08 13:14:58', '2019-02-08 13:14:58', 0x31000000000000000000000000000000, 0x31000000000000000000000000000000, 3, NULL, '020', 'maps/str/gate_1_20.png');

--
-- Daten für Tabelle `handling_unit`
--

INSERT IGNORE INTO `handling_unit` (`id`, `code`, `description`, `created_on`, `modified_on`, `created_by_user_oid`, `modified_by_user_oid`) VALUES
(3, '12-Block', NULL, '1970-01-01 00:00:00', '2019-05-06 14:39:54', NULL, 0x31000000000000000000000000000000),
(2, '2-Block', NULL, '1970-01-01 00:00:00', '2019-05-06 14:39:54', NULL, 0x31000000000000000000000000000000),
(1, 'Item', NULL, '1970-01-01 00:00:00', '1970-01-01 00:00:00', NULL, NULL),
(4, 'Palett', NULL, '1970-01-01 00:00:00', '1970-01-01 00:00:00', NULL, NULL),
(6, 'Carton Box', '', '2019-09-04 14:19:56', '2019-09-04 14:19:56', 0x31000000000000000000000000000000, 0x31000000000000000000000000000000);

--
-- Daten für Tabelle `iot_devices`
--

INSERT IGNORE INTO `iot_devices` (`id`, `storage_area_id`, `address`, `description`, `created_on`, `modified_on`, `created_by_user_oid`, `modified_by_user_oid`) VALUES
(1, 8, 'fd6c:416e:aa6a:d2e2::/64:fd6c:416e:aa6a:d2e2', 'H2 AutoStore Tech', '2018-06-22 17:17:55', '2018-06-22 17:17:55', NULL, NULL),
(2, 8, 'fd6c:416e:aa6a:d2e2::/64:fd6c:416e:aa6a:d2e4', 'H2 AutoStore Charger 1', '2018-06-22 17:17:55', '2018-06-22 17:17:55', NULL, NULL);

--
-- Daten für Tabelle `kpi`
--

INSERT IGNORE INTO `kpi` (`id`, `created_on`, `modified_on`, `created_by_user_oid`, `modified_by_user_oid`, `kpi`, `value`, `time`, `site_id`) VALUES
(1, '2018-06-26 22:22:50', '2018-06-26 22:26:58', 0x31000000000000000000000000000000, 0x31000000000000000000000000000000, 'HR_PICK_CAPACITY', 850, '2018-06-26 00:00:00', 2),
(2, '2018-06-26 22:23:23', '2018-06-26 22:27:07', 0x31000000000000000000000000000000, 0x31000000000000000000000000000000, 'HR_PICK_CAPACITY', 900, '2018-06-27 00:00:00', 2),
(3, '2018-06-26 22:23:59', '2018-06-26 22:27:13', 0x31000000000000000000000000000000, 0x31000000000000000000000000000000, 'HR_PICK_CAPACITY', 650, '2018-06-28 00:00:00', 2),
(4, '2018-06-26 22:24:17', '2018-06-26 22:27:18', 0x31000000000000000000000000000000, 0x31000000000000000000000000000000, 'HR_PICK_CAPACITY', 900, '2018-06-29 00:00:00', 2),
(5, '2018-06-26 22:26:04', '2018-06-26 22:22:50', 0x31000000000000000000000000000000, 0x31000000000000000000000000000000, 'PICK_PLAN', 834, '2018-06-26 00:00:00', 2),
(6, '2018-06-26 22:26:25', '2018-06-26 22:32:11', 0x31000000000000000000000000000000, 0x31000000000000000000000000000000, 'PICK_PLAN', 324, '2018-06-27 00:00:00', 2),
(7, '2018-06-26 22:32:53', '2018-06-26 22:27:18', 0x31000000000000000000000000000000, 0x31000000000000000000000000000000, 'HR_PICK_CAPACITY', 1800, '2018-07-02 00:00:00', 2),
(8, '2018-06-26 22:58:49', '2018-06-26 22:59:56', 0x31000000000000000000000000000000, 0x31000000000000000000000000000000, 'OM_QTY', 834, '2018-06-26 00:00:00', 2),
(9, '2018-06-26 22:58:49', '2018-06-26 23:00:13', 0x31000000000000000000000000000000, 0x31000000000000000000000000000000, 'OM_QTY', 911, '2018-06-27 00:00:00', 2),
(10, '2018-06-26 22:58:49', '2018-06-26 23:00:30', 0x31000000000000000000000000000000, 0x31000000000000000000000000000000, 'OM_QTY', 920, '2018-06-28 00:00:00', 2),
(12, '2018-06-26 22:58:49', '2018-06-26 23:01:19', 0x31000000000000000000000000000000, 0x31000000000000000000000000000000, 'OM_QTY', 935, '2018-07-02 00:00:00', 2),
(13, '2018-06-26 23:00:51', '2018-06-26 22:27:18', 0x31000000000000000000000000000000, 0x31000000000000000000000000000000, 'OM_QTY', 422, '2018-06-29 00:00:00', 2),
(14, '2018-06-27 13:20:47', '2018-06-27 13:21:19', 0x31000000000000000000000000000000, 0x31000000000000000000000000000000, 'OM_QTY', 150, '2018-07-03 00:00:00', 2),
(15, '2018-06-27 13:21:46', '2018-06-26 22:27:18', 0x31000000000000000000000000000000, 0x31000000000000000000000000000000, 'OM_QTY', 0, '2018-06-30 00:00:00', 2),
(16, '2018-06-27 13:22:01', '2018-06-26 22:27:18', 0x31000000000000000000000000000000, 0x31000000000000000000000000000000, 'HR_PICK_CAPACITY', 500, '2018-06-30 00:00:00', 2),
(17, '2018-06-27 13:22:22', '2018-06-26 22:27:18', 0x31000000000000000000000000000000, 0x31000000000000000000000000000000, 'HR_PICK_CAPACITY', 1200, '2018-07-03 00:00:00', 2);

--
-- Daten für Tabelle `picking_order`
--

INSERT IGNORE INTO `picking_order` (`id`, `picking_tour_id`, `order_type`, `source_location_id`, `destination_location_id`, `shipment_id`, `state`, `date_scheduled`, `created_on`, `modified_on`, `created_by_user_oid`, `modified_by_user_oid`, `picking_priority_id`, `pick_type_id`) VALUES
(87652, 2473, 'SHIPPING', NULL, 12, 1, 99, '2018-06-16', '1970-01-01 00:00:00', '2018-06-21 04:36:40', NULL, 0x31000000000000000000000000000000, 1, 2),
(87653, 2473, 'SHIPPING', NULL, 13, 2, 99, '2018-06-16', '1970-01-01 00:00:00', '2018-06-21 04:36:28', NULL, 0x31000000000000000000000000000000, 1, 2),
(87654, 2473, 'SHIPPING', NULL, 13, 2, 99, '2018-06-16', '1970-01-01 00:00:00', '2018-06-21 04:36:13', NULL, 0x31000000000000000000000000000000, 1, 2),
(87655, 2473, 'RELOCATION', NULL, NULL, NULL, 20, '2018-06-16', '1970-01-01 00:00:00', '1970-01-01 00:00:00', NULL, NULL, 1, 2),
(87656, 2473, 'RELOCATION', NULL, NULL, NULL, 20, '2018-06-16', '1970-01-01 00:00:00', '1970-01-01 00:00:00', NULL, NULL, 1, 2),
(87657, 2473, 'STOCKING', 10, NULL, NULL, 20, '2018-06-16', '1970-01-01 00:00:00', '1970-01-01 00:00:00', NULL, NULL, 1, 2),
(87658, 2472, 'SHIPPING', NULL, 15, NULL, 90, '2018-04-12', '2018-06-20 13:25:35', '2018-06-21 04:37:29', 0x31000000000000000000000000000000, 0x31000000000000000000000000000000, 2, 1),
(87662, 2473, 'SHIPPING', NULL, 13, 2, 99, '2018-04-13', '2018-06-20 15:01:34', '2018-06-20 15:08:14', 0x31000000000000000000000000000000, 0x31000000000000000000000000000000, 1, 2),
(87663, 2493, 'SHIPPING', NULL, 12, NULL, 99, '2018-06-20', '2018-06-20 15:10:04', '2018-06-21 11:01:47', 0x31000000000000000000000000000000, 0x31000000000000000000000000000000, 1, 2),
(87664, 2494, 'SHIPPING', NULL, 15, NULL, 99, '2018-06-20', '2018-06-21 05:06:48', '2018-06-21 11:00:22', 0x31000000000000000000000000000000, 0x31000000000000000000000000000000, 2, 1),
(87667, 2493, 'SHIPPING', NULL, 12, NULL, 99, '2018-06-20', '2018-06-21 05:52:39', '2018-06-21 11:01:47', 0x31000000000000000000000000000000, 0x31000000000000000000000000000000, 1, 2),
(87668, 2495, 'SHIPPING', NULL, 15, NULL, 99, '2018-06-20', '2018-06-21 05:52:39', '2018-06-21 10:59:49', 0x31000000000000000000000000000000, 0x31000000000000000000000000000000, 2, 1),
(87669, 2495, 'SHIPPING', NULL, 15, NULL, 99, '2018-06-20', '2018-06-21 05:52:39', '2018-06-21 10:59:49', 0x31000000000000000000000000000000, 0x31000000000000000000000000000000, 2, 1),
(87670, 2495, 'SHIPPING', NULL, 15, NULL, 99, '2018-06-20', '2018-06-21 05:52:39', '2018-06-21 10:59:49', 0x31000000000000000000000000000000, 0x31000000000000000000000000000000, 2, 1),
(87671, 2496, 'SHIPPING', NULL, 15, NULL, 99, '2018-06-20', '2018-06-21 05:52:39', '2018-06-21 10:58:22', 0x31000000000000000000000000000000, 0x31000000000000000000000000000000, 2, 1),
(87672, 2496, 'SHIPPING', NULL, 15, NULL, 20, '2018-06-20', '2018-06-21 05:52:39', '2018-06-25 10:26:26', 0x31000000000000000000000000000000, 0x31000000000000000000000000000000, 2, 1),
(87673, 2493, 'SHIPPING', NULL, 12, NULL, 20, '2018-06-20', '2018-06-21 05:52:39', '2018-06-25 10:26:26', 0x31000000000000000000000000000000, 0x31000000000000000000000000000000, 1, 2),
(87680, 2496, 'SHIPPING', NULL, 15, NULL, 20, '2018-06-20', '2018-06-21 05:52:39', '2018-06-25 10:26:26', 0x31000000000000000000000000000000, 0x31000000000000000000000000000000, 2, 1),
(87681, 2493, 'SHIPPING', NULL, 12, NULL, 20, '2018-06-20', '2018-06-21 05:52:39', '2018-06-25 10:26:26', 0x31000000000000000000000000000000, 0x31000000000000000000000000000000, 1, 2),
(87682, 2496, 'SHIPPING', NULL, 15, NULL, 50, '2018-06-20', '2018-06-21 05:52:39', '2018-11-02 12:03:32', 0x31000000000000000000000000000000, 0x31000000000000000000000000000000, 2, 1),
(87683, 2496, 'SHIPPING', NULL, 15, NULL, 50, '2018-06-20', '2018-06-21 05:52:39', '2018-06-25 10:27:03', 0x31000000000000000000000000000000, 0x31000000000000000000000000000000, 2, 1),
(87684, 2498, 'SHIPPING', NULL, 15, NULL, 50, '2018-06-20', '2018-06-25 09:03:32', '2018-06-25 10:27:22', 0x31000000000000000000000000000000, 0x31000000000000000000000000000000, 2, 3),
(87685, 2499, 'SHIPPING', NULL, 15, NULL, 20, '2018-06-20', '2018-06-21 05:52:39', '2018-06-25 10:22:34', 0x31000000000000000000000000000000, 0x31000000000000000000000000000000, 2, 1),
(87686, 2499, 'SHIPPING', NULL, 15, NULL, 20, '2018-06-20', '2018-06-21 05:52:39', '2018-06-25 10:22:16', 0x31000000000000000000000000000000, 0x31000000000000000000000000000000, 2, 1),
(87687, 2499, 'SHIPPING', NULL, 15, NULL, 20, '2018-06-20', '2018-06-21 05:52:39', '2018-06-25 10:21:58', 0x31000000000000000000000000000000, 0x31000000000000000000000000000000, 2, 1),
(87688, 2499, 'SHIPPING', NULL, 15, NULL, 50, '2018-06-20', '2018-06-21 05:52:39', '2018-06-25 10:21:46', 0x31000000000000000000000000000000, 0x31000000000000000000000000000000, 2, 1),
(87689, 2498, 'SHIPPING', NULL, 15, NULL, 20, '2018-06-20', '2018-06-25 09:03:32', '2018-06-25 10:27:31', 0x31000000000000000000000000000000, 0x31000000000000000000000000000000, 2, 3),
(87690, NULL, 'SHIPPING', NULL, 15, NULL, 20, '2018-06-20', '2018-06-21 05:52:39', '2018-06-27 22:25:01', 0x31000000000000000000000000000000, 0x31000000000000000000000000000000, 2, 1),
(87691, NULL, 'SHIPPING', NULL, 15, NULL, 20, '2018-06-20', '2018-06-25 09:03:32', '2018-06-27 22:25:16', 0x31000000000000000000000000000000, 0x31000000000000000000000000000000, 2, 3),
(87692, 2498, 'SHIPPING', NULL, 15, NULL, 20, '2018-06-27', '2018-10-08 07:35:31', '2018-06-25 10:27:31', 0x31000000000000000000000000000000, 0x31000000000000000000000000000000, 2, 3),
(87693, NULL, 'SHIPPING', NULL, 38, 6, 70, '2019-09-05', '2019-09-04 15:30:34', '2019-09-04 20:50:59', 0x31000000000000000000000000000000, 0x31000000000000000000000000000000, 3, 4),
(87694, NULL, 'SHIPPING', NULL, 39, 7, 50, '2019-09-05', '2019-09-04 16:24:38', '2019-09-04 20:52:54', 0x31000000000000000000000000000000, 0x31000000000000000000000000000000, 3, 4),
(87695, NULL, 'SHIPPING', NULL, 40, 8, 70, '2019-09-05', '2019-09-04 19:02:04', '2019-09-04 20:32:17', 0x31000000000000000000000000000000, 0x31000000000000000000000000000000, 2, 4),
(87696, NULL, 'SHIPPING', NULL, 35, 9, 20, '2019-09-05', '2019-09-04 21:00:36', '2019-09-04 21:01:19', 0x31000000000000000000000000000000, 0x31000000000000000000000000000000, 3, 4),
(87697, NULL, 'SHIPPING', NULL, 36, 10, 50, '2019-09-05', '2019-09-04 21:02:41', '2019-09-04 21:45:29', 0x31000000000000000000000000000000, 0x31000000000000000000000000000000, 3, 2),
(87698, NULL, 'SHIPPING', NULL, 37, 11, 20, '2019-09-05', '2019-09-04 21:15:17', '2019-09-04 21:19:18', 0x31000000000000000000000000000000, 0x31000000000000000000000000000000, 3, 4),
(87699, NULL, 'SHIPPING', NULL, 36, 10, 50, '2019-09-05', '2019-09-04 21:19:47', '2019-09-04 21:45:45', 0x31000000000000000000000000000000, 0x31000000000000000000000000000000, 3, 4);

--
-- Daten für Tabelle `picking_order_pos`
--

INSERT IGNORE INTO `picking_order_pos` (`id`, `picking_order_id`, `source_location_id`, `target_location_id`, `handling_unit_id`, `hu_qty`, `product_id`, `pick_failed_reason`, `picked`, `created_on`, `modified_on`, `created_by_user_oid`, `modified_by_user_oid`) VALUES
(1, 87652, 6, NULL, 3, 1, 1, '', 0, '1970-01-01 00:00:00', '2019-05-06 14:39:54', NULL, 0x31000000000000000000000000000000),
(2, 87652, 7, NULL, 3, 1, 2, '', 0, '1970-01-01 00:00:00', '2019-05-06 14:39:54', NULL, 0x31000000000000000000000000000000),
(3, 87652, 5, NULL, 2, 1, 2, '', 0, '1970-01-01 00:00:00', '2019-05-06 14:39:54', NULL, 0x31000000000000000000000000000000),
(8, 87654, 2, NULL, 1, 1, 5, '', 1, '1970-01-01 00:00:00', '2018-06-21 04:36:05', NULL, 0x31000000000000000000000000000000),
(4, 87653, 6, NULL, 3, 1, 1, '', 1, '1970-01-01 00:00:00', '2018-06-21 04:35:29', NULL, 0x31000000000000000000000000000000),
(5, 87653, 7, NULL, 3, 1, 5, '', 1, '1970-01-01 00:00:00', '2018-06-21 04:35:34', NULL, 0x31000000000000000000000000000000),
(6, 87653, 2, NULL, 3, 1, 6, '', 1, '1970-01-01 00:00:00', '2018-06-21 04:35:39', NULL, 0x31000000000000000000000000000000),
(7, 87653, 1, NULL, 3, 1, 7, '', 1, '1970-01-01 00:00:00', '2018-06-21 04:35:45', NULL, 0x31000000000000000000000000000000),
(9, 87662, 2, NULL, 1, 1, 5, '', 1, '1970-01-01 00:00:00', '2018-06-20 15:02:16', 0x31000000000000000000000000000000, 0x31000000000000000000000000000000),
(10, 87663, 6, NULL, 3, 1, 1, '', 1, '1970-01-01 00:00:00', '2018-06-21 04:50:45', 0x31000000000000000000000000000000, 0x31000000000000000000000000000000),
(11, 87663, 7, NULL, 3, 1, 2, '', 1, '1970-01-01 00:00:00', '2018-06-21 04:50:52', 0x31000000000000000000000000000000, 0x31000000000000000000000000000000),
(12, 87663, 5, NULL, 2, 1, 2, '', 1, '1970-01-01 00:00:00', '1970-01-01 00:00:00', 0x31000000000000000000000000000000, 0x31000000000000000000000000000000),
(53, 87693, 33, 38, 6, 5, 15, '', 1, '2019-09-04 16:18:18', '2019-09-04 20:50:16', 0x31000000000000000000000000000000, 0x31000000000000000000000000000000),
(13, 87664, 19, NULL, 1, 1, 11, '', 1, '2018-06-21 05:07:42', '2018-06-21 05:08:47', 0x31000000000000000000000000000000, 0x31000000000000000000000000000000),
(14, 87667, 6, NULL, 3, 1, 1, '', 1, '1970-01-01 00:00:00', '2018-06-21 04:50:45', 0x31000000000000000000000000000000, 0x31000000000000000000000000000000),
(15, 87667, 7, NULL, 3, 1, 2, '', 1, '1970-01-01 00:00:00', '2018-06-21 04:50:52', 0x31000000000000000000000000000000, 0x31000000000000000000000000000000),
(16, 87667, 5, NULL, 2, 1, 2, '', 1, '1970-01-01 00:00:00', '1970-01-01 00:00:00', 0x31000000000000000000000000000000, 0x31000000000000000000000000000000),
(17, 87668, 19, NULL, 1, 1, 11, '', 1, '2018-06-21 05:07:42', '2018-06-21 08:26:52', 0x31000000000000000000000000000000, 0x31000000000000000000000000000000),
(18, 87669, 19, NULL, 1, 1, 11, '', 1, '2018-06-21 05:07:42', '2018-06-21 08:26:52', 0x31000000000000000000000000000000, 0x31000000000000000000000000000000),
(19, 87670, 19, NULL, 1, 1, 11, '', 1, '2018-06-21 05:07:42', '2018-06-21 08:26:52', 0x31000000000000000000000000000000, 0x31000000000000000000000000000000),
(20, 87671, 19, NULL, 1, 1, 11, '', 1, '2018-06-21 05:07:42', '2018-06-21 08:26:52', 0x31000000000000000000000000000000, 0x31000000000000000000000000000000),
(21, 87672, 19, NULL, 1, 1, 11, '', 0, '2018-06-21 05:07:42', '2018-06-21 11:12:25', 0x31000000000000000000000000000000, 0x31000000000000000000000000000000),
(22, 87673, 6, NULL, 3, 1, 1, '', 0, '1970-01-01 00:00:00', '2018-06-21 04:50:45', 0x31000000000000000000000000000000, 0x31000000000000000000000000000000),
(23, 87673, 7, NULL, 3, 1, 2, '', 0, '1970-01-01 00:00:00', '2018-06-21 04:50:52', 0x31000000000000000000000000000000, 0x31000000000000000000000000000000),
(24, 87673, 5, NULL, 2, 1, 2, '', 0, '1970-01-01 00:00:00', '1970-01-01 00:00:00', 0x31000000000000000000000000000000, 0x31000000000000000000000000000000),
(33, 87680, 19, NULL, 1, 1, 11, '', 0, '2018-06-21 05:07:42', '2018-06-21 11:12:25', 0x31000000000000000000000000000000, 0x31000000000000000000000000000000),
(36, 87681, 5, NULL, 2, 1, 2, '', 0, '1970-01-01 00:00:00', '1970-01-01 00:00:00', 0x31000000000000000000000000000000, 0x31000000000000000000000000000000),
(34, 87681, 6, NULL, 3, 1, 1, '', 0, '1970-01-01 00:00:00', '2018-06-21 04:50:45', 0x31000000000000000000000000000000, 0x31000000000000000000000000000000),
(35, 87681, 7, NULL, 3, 1, 2, '', 0, '1970-01-01 00:00:00', '2018-06-21 04:50:52', 0x31000000000000000000000000000000, 0x31000000000000000000000000000000),
(37, 87682, 19, NULL, 1, 1, 11, 'NOT_FOUND', 0, '2018-06-21 05:07:42', '2018-11-02 12:03:32', 0x31000000000000000000000000000000, 0x31000000000000000000000000000000),
(38, 87683, 19, NULL, 1, 1, 11, 'NOT_FOUND', 0, '2018-06-21 05:07:42', '2018-06-25 09:01:52', 0x31000000000000000000000000000000, 0x31000000000000000000000000000000),
(40, 87684, 20, NULL, 1, 1, 9, '', 0, '2018-06-25 09:04:58', '2018-06-25 09:04:14', 0x31000000000000000000000000000000, 0x31000000000000000000000000000000),
(41, 87684, 22, NULL, 1, 1, 8, '', 0, '2018-06-25 09:05:37', '2018-06-25 09:04:14', 0x31000000000000000000000000000000, 0x31000000000000000000000000000000),
(42, 87685, 19, NULL, 1, 1, 11, '', 0, '2018-06-25 10:18:26', '2018-06-25 10:19:02', 0x31000000000000000000000000000000, 0x31000000000000000000000000000000),
(43, 87686, 19, NULL, 1, 1, 11, '', 0, '2018-06-25 10:18:26', '2018-06-25 10:19:28', 0x31000000000000000000000000000000, 0x31000000000000000000000000000000),
(44, 87687, 19, NULL, 1, 1, 11, '', 0, '2018-06-25 10:18:26', '2018-06-25 10:19:53', 0x31000000000000000000000000000000, 0x31000000000000000000000000000000),
(45, 87688, 19, NULL, 1, 1, 11, '', 0, '2018-06-25 10:18:26', '2018-06-25 10:20:09', 0x31000000000000000000000000000000, 0x31000000000000000000000000000000),
(46, 87689, 20, NULL, 1, 1, 9, '', 0, '2018-06-25 10:18:27', '2018-06-25 09:04:14', 0x31000000000000000000000000000000, 0x31000000000000000000000000000000),
(47, 87689, 22, NULL, 1, 1, 8, '', 0, '2018-06-25 10:18:27', '2018-06-25 09:04:14', 0x31000000000000000000000000000000, 0x31000000000000000000000000000000),
(48, 87690, 19, NULL, 1, 1, 11, '', 0, '2018-06-27 22:24:45', '2018-06-25 10:19:53', 0x31000000000000000000000000000000, 0x31000000000000000000000000000000),
(49, 87691, 20, NULL, 1, 1, 9, '', 0, '2018-06-27 22:24:45', '2018-06-25 09:04:14', 0x31000000000000000000000000000000, 0x31000000000000000000000000000000),
(50, 87691, 22, NULL, 1, 1, 8, '', 0, '2018-06-27 22:24:45', '2018-06-25 09:04:14', 0x31000000000000000000000000000000, 0x31000000000000000000000000000000),
(51, 87692, 20, NULL, 1, 1, 9, '', 0, '2018-10-08 07:35:31', '2018-06-25 09:04:14', 0x31000000000000000000000000000000, 0x31000000000000000000000000000000),
(52, 87692, 22, NULL, 1, 1, 8, '', 0, '2018-10-08 07:35:31', '2018-06-25 09:04:14', 0x31000000000000000000000000000000, 0x31000000000000000000000000000000),
(54, 87693, 33, 38, 6, 5, 17, '', 1, '2019-09-04 16:21:47', '2019-09-04 20:50:30', 0x31000000000000000000000000000000, 0x31000000000000000000000000000000),
(55, 87693, 33, 38, 6, 12, 18, '', 1, '2019-09-04 16:22:10', '2019-09-04 20:50:25', 0x31000000000000000000000000000000, 0x31000000000000000000000000000000),
(56, 87694, 33, 38, 6, 15, 15, '', 1, '2019-09-04 16:24:38', '2019-09-04 21:34:03', 0x31000000000000000000000000000000, 0x31000000000000000000000000000000),
(57, 87694, 33, 38, 6, 25, 17, '', 1, '2019-09-04 16:24:38', '2019-09-04 21:32:48', 0x31000000000000000000000000000000, 0x31000000000000000000000000000000),
(58, 87694, 33, 38, 6, 4, 18, '', 0, '2019-09-04 16:24:38', '2019-09-04 21:33:57', 0x31000000000000000000000000000000, 0x31000000000000000000000000000000),
(59, 87695, 33, 38, 6, 5, 15, '', 1, '2019-09-04 19:02:04', '2019-09-04 20:31:01', 0x31000000000000000000000000000000, 0x31000000000000000000000000000000),
(60, 87695, 33, 38, 6, 5, 17, '', 1, '2019-09-04 19:02:04', '2019-09-04 20:31:10', 0x31000000000000000000000000000000, 0x31000000000000000000000000000000),
(61, 87695, 33, 38, 6, 12, 18, '', 1, '2019-09-04 19:02:04', '2019-09-04 20:31:17', 0x31000000000000000000000000000000, 0x31000000000000000000000000000000),
(62, 87696, 33, 38, 6, 10, 15, '', 0, '2019-09-04 21:00:37', '2019-09-04 21:01:01', 0x31000000000000000000000000000000, 0x31000000000000000000000000000000),
(63, 87696, 33, 38, 6, 10, 17, '', 0, '2019-09-04 21:00:37', '2019-09-04 21:01:12', 0x31000000000000000000000000000000, 0x31000000000000000000000000000000),
(68, 87697, 27, NULL, 4, 1, 20, '', 0, '2019-09-04 21:10:34', '2019-09-04 21:10:34', 0x31000000000000000000000000000000, 0x31000000000000000000000000000000),
(67, 87697, 26, NULL, 4, 1, 19, '', 0, '2019-09-04 21:10:03', '2019-09-04 21:10:03', 0x31000000000000000000000000000000, 0x31000000000000000000000000000000),
(69, 87698, 33, 38, 6, 5, 21, '', 0, '2019-09-04 21:15:17', '2019-09-04 21:18:53', 0x31000000000000000000000000000000, 0x31000000000000000000000000000000),
(70, 87698, 33, 38, 6, 5, 23, '', 0, '2019-09-04 21:15:17', '2019-09-04 21:19:07', 0x31000000000000000000000000000000, 0x31000000000000000000000000000000),
(71, 87699, 33, 38, 6, 5, 21, '', 0, '2019-09-04 21:19:47', '2019-09-04 21:19:47', 0x31000000000000000000000000000000, 0x31000000000000000000000000000000),
(72, 87699, 33, 38, 6, 5, 23, '', 0, '2019-09-04 21:19:47', '2019-09-04 21:19:47', 0x31000000000000000000000000000000, 0x31000000000000000000000000000000);

--
-- Daten für Tabelle `picking_priority`
--

INSERT IGNORE INTO `picking_priority` (`id`, `code`, `position`, `description`, `created_on`, `modified_on`, `created_by_user_oid`, `modified_by_user_oid`) VALUES
(1, 'EX', 0, 'Express', '2018-06-22 17:41:34', '2018-06-22 17:41:34', NULL, NULL),
(2, 'HI', 10, 'High', '2018-06-22 17:41:34', '2018-11-02 12:03:32', NULL, 0x31000000000000000000000000000000),
(3, 'RG', 50, 'Regular', '2018-06-22 17:41:36', '2018-06-22 17:41:36', NULL, NULL),
(4, 'LO', 80, 'Low', '2018-06-22 17:41:36', '2018-06-22 17:41:36', NULL, NULL),
(5, 'OD', 30, 'Overdue', '2018-06-22 17:41:36', '2018-06-22 17:41:36', NULL, NULL);

--
-- Daten für Tabelle `picking_tour`
--

INSERT IGNORE INTO `picking_tour` (`id`, `site_id`, `date`, `assigned_to`, `state`, `created_on`, `modified_on`, `created_by_user_oid`, `modified_by_user_oid`) VALUES
(2468, 2, '2018-04-09', 'LDB-L22', 50, '1970-01-01 00:00:00', '1970-01-01 00:00:00', NULL, NULL),
(2469, 2, '2018-04-06', 'LDB-L22', 50, '1970-01-01 00:00:00', '1970-01-01 00:00:00', NULL, NULL),
(2470, 2, '2018-04-10', 'LDB-L22', 50, '1970-01-01 00:00:00', '1970-01-01 00:00:00', NULL, NULL),
(2471, 2, '2018-04-11', 'LDB-L22', 50, '1970-01-01 00:00:00', '1970-01-01 00:00:00', NULL, NULL),
(2472, 2, '2018-04-12', 'LDB-L22', 50, '1970-01-01 00:00:00', '1970-01-01 00:00:00', NULL, NULL),
(2473, 2, '2018-04-13', 'LDB-L22', 50, '1970-01-01 00:00:00', '1970-01-01 00:00:00', NULL, NULL),
(2474, 2, '2018-04-09', 'LDB-L28', 50, '1970-01-01 00:00:00', '1970-01-01 00:00:00', NULL, NULL),
(2475, 2, '2018-04-10', 'LDB-L28', 50, '1970-01-01 00:00:00', '1970-01-01 00:00:00', NULL, NULL),
(2476, 2, '2018-04-11', 'LDB-L28', 50, '1970-01-01 00:00:00', '1970-01-01 00:00:00', NULL, NULL),
(2477, 2, '2018-06-11', 'LDB-L22', 99, '2018-06-21 04:38:34', '2018-06-21 04:39:55', 0x31000000000000000000000000000000, 0x31000000000000000000000000000000),
(2478, 2, '2018-06-11', 'LDB-L20', 99, '2018-06-21 04:39:06', '2018-06-21 04:40:01', 0x31000000000000000000000000000000, 0x31000000000000000000000000000000),
(2479, 2, '2018-06-12', 'LDB-L20', 99, '2018-06-21 04:39:16', '2018-06-21 04:40:08', 0x31000000000000000000000000000000, 0x31000000000000000000000000000000),
(2480, 2, '2018-06-12', 'LDB-L28', 99, '2018-06-21 04:39:26', '2018-06-21 04:40:18', 0x31000000000000000000000000000000, 0x31000000000000000000000000000000),
(2481, 2, '2018-06-13', 'LDB-L28', 99, '2018-06-21 04:40:28', '2018-06-21 04:40:18', 0x31000000000000000000000000000000, 0x31000000000000000000000000000000),
(2482, 2, '2018-06-14', 'LDB-P02', 99, '2018-06-21 04:41:24', '2018-06-21 04:40:18', 0x31000000000000000000000000000000, 0x31000000000000000000000000000000),
(2483, 2, '2018-06-15', 'LDB-P02', 99, '2018-06-21 04:43:15', '2018-06-21 04:40:18', 0x31000000000000000000000000000000, 0x31000000000000000000000000000000),
(2484, 2, '2018-06-14', 'LDB-L22', 99, '2018-06-21 04:43:33', '2018-06-21 04:40:18', 0x31000000000000000000000000000000, 0x31000000000000000000000000000000),
(2485, 2, '2018-06-15', 'LDB-L20', 99, '2018-06-21 04:43:53', '2018-06-21 04:40:18', 0x31000000000000000000000000000000, 0x31000000000000000000000000000000),
(2486, 2, '2018-06-18', 'LDB-P04', 99, '2018-06-21 04:44:06', '2018-06-21 04:40:18', 0x31000000000000000000000000000000, 0x31000000000000000000000000000000),
(2487, 2, '2018-06-18', 'LDB-P05', 99, '2018-06-21 04:44:16', '2018-06-21 04:40:18', 0x31000000000000000000000000000000, 0x31000000000000000000000000000000),
(2488, 2, '2018-06-18', 'LDB-L22', 99, '2018-06-21 04:44:26', '2018-06-21 04:40:18', 0x31000000000000000000000000000000, 0x31000000000000000000000000000000),
(2489, 2, '2018-06-19', 'LDB-P06', 99, '2018-06-21 04:44:42', '2018-06-21 04:44:49', 0x31000000000000000000000000000000, 0x31000000000000000000000000000000),
(2490, 2, '2018-06-19', 'LDB-P04', 99, '2018-06-21 04:44:58', '2018-06-21 04:44:49', 0x31000000000000000000000000000000, 0x31000000000000000000000000000000),
(2491, 2, '2018-06-19', 'LDB-P03', 99, '2018-06-21 04:45:04', '2018-06-21 04:44:49', 0x31000000000000000000000000000000, 0x31000000000000000000000000000000),
(2492, 2, '2018-06-19', 'LDB-L22', 99, '2018-06-21 04:45:15', '2018-06-21 04:40:18', 0x31000000000000000000000000000000, 0x31000000000000000000000000000000),
(2493, 2, '2018-06-20', 'LDB-L22', 99, '2018-06-21 04:45:28', '2018-06-21 04:40:18', 0x31000000000000000000000000000000, 0x31000000000000000000000000000000),
(2494, 2, '2018-06-20', 'LDB-P03', 99, '2018-06-21 04:45:38', '2018-06-21 04:44:49', 0x31000000000000000000000000000000, 0x31000000000000000000000000000000),
(2495, 2, '2018-06-20', 'LDB-P02', 99, '2018-06-21 04:45:47', '2018-06-21 04:46:35', 0x31000000000000000000000000000000, 0x31000000000000000000000000000000),
(2496, 2, '2018-06-20', 'LDB-P04', 99, '2018-06-21 04:45:53', '2018-11-02 12:03:32', 0x31000000000000000000000000000000, 0x31000000000000000000000000000000),
(2497, 2, '2018-06-21', 'LDB-P04', 99, '2018-06-21 04:47:05', '2018-06-21 04:46:47', 0x31000000000000000000000000000000, 0x31000000000000000000000000000000),
(2498, 2, '2018-06-21', 'LDB-P02', 99, '2018-06-21 04:47:12', '2018-06-21 04:46:35', 0x31000000000000000000000000000000, 0x31000000000000000000000000000000),
(2499, 2, '2018-06-21', 'LDB-P03', 99, '2018-06-21 04:47:27', '2018-06-21 04:44:49', 0x31000000000000000000000000000000, 0x31000000000000000000000000000000),
(2500, 2, '2018-06-21', 'LDB-L28', 99, '2018-06-21 04:47:38', '2018-06-21 04:40:18', 0x31000000000000000000000000000000, 0x31000000000000000000000000000000),
(2501, 2, '2018-06-21', 'LDB-L20', 99, '2018-06-21 04:47:47', '2018-09-19 14:51:55', 0x31000000000000000000000000000000, 0x31000000000000000000000000000000),
(2502, 2, '2018-06-22', 'LDB-L21', 10, '2018-09-19 14:52:38', '2018-09-19 14:51:55', 0x31000000000000000000000000000000, 0x31000000000000000000000000000000),
(2503, 3, '2019-09-05', '', 30, '2019-09-04 18:58:58', '2019-09-04 18:58:58', 0x31000000000000000000000000000000, 0x31000000000000000000000000000000),
(2504, 3, '2019-09-05', '', 30, '2019-09-04 19:00:03', '2019-09-04 19:00:03', 0x31000000000000000000000000000000, 0x31000000000000000000000000000000),
(2505, 3, '2019-09-05', '', 30, '2019-09-04 19:00:11', '2019-09-04 19:00:11', 0x31000000000000000000000000000000, 0x31000000000000000000000000000000),
(2506, 3, '2019-09-05', '', 30, '2019-09-04 19:00:16', '2019-09-04 19:00:16', 0x31000000000000000000000000000000, 0x31000000000000000000000000000000);

--
-- Daten für Tabelle `pick_type`
--

INSERT IGNORE INTO `pick_type` (`id`, `created_on`, `modified_on`, `created_by_user_oid`, `modified_by_user_oid`, `name`) VALUES
(1, '2019-09-04 15:14:27', '2019-09-04 15:14:27', 0x31000000000000000000000000000000, 0x31000000000000000000000000000000, 'Item'),
(2, '2019-09-04 15:14:33', '2019-09-04 15:14:33', 0x31000000000000000000000000000000, 0x31000000000000000000000000000000, 'Pallet'),
(3, '2019-09-04 15:14:39', '2019-09-04 15:14:40', 0x31000000000000000000000000000000, 0x31000000000000000000000000000000, 'Trolley'),
(4, '2019-09-04 15:14:46', '2019-09-04 15:14:46', 0x31000000000000000000000000000000, 0x31000000000000000000000000000000, 'Colli');

--
-- Daten für Tabelle `product`
--

INSERT IGNORE INTO `product` (`id`, `created_on`, `created_by_user_oid`, `modified_on`, `modified_by_user_oid`, `code`, `name`, `description`, `product_group_id`, `shipment_category_id`, `state`, `qty_unit_id`, `width`, `height`, `length`, `weight`) VALUES
(1, '1970-01-01 00:00:00', NULL, '2019-05-06 14:39:54', 0x31000000000000000000000000000000, '7082740', 'Akustic HWP 2', 'Schalldämmung in Trennfugen', 50, 1, 50, 1, 0, 0, 0, 0),
(2, '1970-01-01 00:00:00', NULL, '2019-09-04 14:13:12', 0x31000000000000000000000000000000, '7082720', 'Akustic HWP 2', 'Schalldämmung in Trennfugen', 50, 1, 50, 1, 0, 0, 0, 0),
(3, '1970-01-01 00:00:00', NULL, '2019-02-12 13:19:16', 0x31000000000000000000000000000000, '7082730', 'Akustic HWP 2', 'Schalldämmung in Trennfugen', 50, 1, 50, 1, 0, 0, 0, 0),
(4, '1970-01-01 00:00:00', NULL, '2019-02-12 13:19:27', 0x31000000000000000000000000000000, '7830840', 'Akustic EP 1', 'Trittschalldämmung für schwimmende Estriche', 50, 1, 50, 1, 0, 0, 0, 0),
(5, '1970-01-01 00:00:00', NULL, '2019-02-12 13:19:32', 0x31000000000000000000000000000000, '7830835', 'Akustic EP 1', 'Trittschalldämmung für schwimmende Estriche', 50, 1, 50, 1, 0, 0, 0, 0),
(6, '1970-01-01 00:00:00', NULL, '2019-02-12 13:19:40', 0x31000000000000000000000000000000, '7830512', 'Akustic ES 1', 'Randdämmstreifen für die Trittschalldämmung von schwimmenden Estrichen', 50, 1, 50, 1, 0, 0, 0, 0),
(7, '1970-01-01 00:00:00', NULL, '2019-02-12 17:00:19', 0x31000000000000000000000000000000, '7830514', 'Akustic ES 1', 'Randdämmstreifen für die Trittschalldämmung von schwimmenden Estrichen', 50, 1, 50, 1, 0, 0, 0, 0),
(8, '2018-06-20 13:20:02', 0x31000000000000000000000000000000, '2019-09-04 14:20:46', 0x31000000000000000000000000000000, '8768998', 'Montageschaum 500ml beige', '', 51, 1, 50, 1, 0, 0, 0, 0),
(9, '2018-06-20 13:21:22', 0x31000000000000000000000000000000, '2019-09-04 14:20:58', 0x31000000000000000000000000000000, '8765551', 'BOSCH Farbsprühgerät PFS 3000-2', '', 48, 1, 50, 1, 0, 0, 0, 0),
(10, '2018-06-20 13:21:58', 0x31000000000000000000000000000000, '2019-02-12 13:20:08', 0x31000000000000000000000000000000, '8510403', 'Bohrhammer Bosch PBH 2100 RE', '', 48, 1, 50, 1, 0, 0, 0, 0),
(11, '2018-06-20 13:22:47', 0x31000000000000000000000000000000, '2019-09-04 14:21:22', 0x31000000000000000000000000000000, '8299062', 'Bohrhammer Worx 1.250 W inkl. Bohrer und Meißel', '', 48, 1, 50, 1, 0, 0, 0, 0),
(12, '2019-09-04 14:28:02', 0x31000000000000000000000000000000, '2019-09-04 14:28:42', 0x31000000000000000000000000000000, '1245985', 'Lavazza Crema e Aroma ganze Bohnen 1 kg', '', NULL, 52, 50, 1, NULL, NULL, NULL, NULL),
(13, '2019-09-04 14:31:46', 0x31000000000000000000000000000000, '2019-09-04 14:31:46', 0x31000000000000000000000000000000, '1245986', 'Lavazza Caffee Qualita Rossa ganze Bohnen 1 kg', '', NULL, 52, 50, 1, NULL, NULL, NULL, NULL),
(14, '2019-09-04 14:32:29', 0x31000000000000000000000000000000, '2019-09-04 14:32:39', 0x31000000000000000000000000000000, '1245987', 'Lavazza Crema Classico ganze Bohnen 1 kg', '', NULL, 52, 50, 1, NULL, NULL, NULL, NULL),
(15, '2019-09-04 14:50:43', 0x31000000000000000000000000000000, '2019-09-04 14:51:25', 0x31000000000000000000000000000000, '1249887', 'Bärenmarke Die Alpenfrische Vollmilch 1l', '', NULL, 53, 50, 52, NULL, NULL, NULL, NULL),
(17, '2019-09-04 14:59:57', 0x31000000000000000000000000000000, '2019-09-04 14:59:57', 0x31000000000000000000000000000000, '1249888', 'Bärenmarke Die Alpenfrische Mich 1,8%, 1l', '', NULL, 53, 50, 52, NULL, NULL, NULL, NULL),
(18, '2019-09-04 15:05:56', 0x31000000000000000000000000000000, '2019-09-04 15:06:57', 0x31000000000000000000000000000000, '1254982', 'Bergader Bavaria blu der Milde Weichkäse mit Blauschimmel, 72 % Fett i. Tr', '', NULL, 53, 50, 52, NULL, NULL, NULL, NULL),
(19, '2019-09-04 21:07:08', 0x31000000000000000000000000000000, '2019-09-04 21:08:21', 0x31000000000000000000000000000000, '1265648', 'Bio Eier 10 Stück', '', NULL, 53, 50, 52, NULL, NULL, NULL, NULL),
(20, '2019-09-04 21:07:27', 0x31000000000000000000000000000000, '2019-09-04 21:07:27', 0x31000000000000000000000000000000, '1265649', 'Bio Eier 6 Stück', '', NULL, 53, 50, 52, NULL, NULL, NULL, NULL),
(21, '2019-09-04 21:16:10', 0x31000000000000000000000000000000, '2019-09-04 21:17:03', 0x31000000000000000000000000000000, '1254985', 'Geramont Weichkäse Classic Natur 60% - 200 g', '', NULL, 53, 50, 52, NULL, NULL, NULL, NULL),
(23, '2019-09-04 21:17:47', 0x31000000000000000000000000000000, '2019-09-04 21:17:48', 0x31000000000000000000000000000000, '1254986', 'Géramont Cremig würzig französicher Weichkäse, 56 % Fett i. Tr. - 200 g', '', NULL, 53, 50, 52, NULL, NULL, NULL, NULL);

--
-- Daten für Tabelle `product_group`
--

INSERT IGNORE INTO `product_group` (`id`, `created_on`, `modified_on`, `created_by_user_oid`, `modified_by_user_oid`, `parent_id`, `name`) VALUES
(38, '2019-02-12 12:56:07', '2019-02-12 12:56:07', 0x31000000000000000000000000000000, 0x31000000000000000000000000000000, 0, 'Food'),
(39, '2019-02-12 12:56:39', '2019-02-12 12:56:39', 0x31000000000000000000000000000000, 0x31000000000000000000000000000000, 0, 'Home & Kitchen'),
(40, '2019-02-12 12:56:45', '2019-02-12 12:56:45', 0x31000000000000000000000000000000, 0x31000000000000000000000000000000, 0, 'DIY'),
(41, '2019-02-12 12:59:58', '2019-02-12 12:59:58', 0x31000000000000000000000000000000, 0x31000000000000000000000000000000, 0, 'Automotive'),
(42, '2019-02-12 13:02:28', '2019-02-12 13:02:28', 0x31000000000000000000000000000000, 0x31000000000000000000000000000000, 38, 'Beverages'),
(43, '2019-02-12 13:02:36', '2019-02-12 13:02:36', 0x31000000000000000000000000000000, 0x31000000000000000000000000000000, 38, 'Snack Food'),
(44, '2019-02-12 13:03:13', '2019-02-12 13:03:13', 0x31000000000000000000000000000000, 0x31000000000000000000000000000000, 38, 'Sweets'),
(45, '2019-02-12 13:04:19', '2019-02-12 13:04:19', 0x31000000000000000000000000000000, 0x31000000000000000000000000000000, 39, 'Cleaning Supplies'),
(46, '2019-02-12 13:05:05', '2019-02-12 13:05:05', 0x31000000000000000000000000000000, 0x31000000000000000000000000000000, 38, 'Coffee & Tea'),
(47, '2019-02-12 13:06:06', '2019-02-12 13:06:06', 0x31000000000000000000000000000000, 0x31000000000000000000000000000000, 40, 'Painting & Wall Treatment'),
(48, '2019-02-12 13:07:34', '2019-02-12 13:07:34', 0x31000000000000000000000000000000, 0x31000000000000000000000000000000, 40, 'Power Tools'),
(49, '2019-02-12 13:11:42', '2019-02-12 13:11:43', 0x31000000000000000000000000000000, 0x31000000000000000000000000000000, 40, 'Building Supplies'),
(50, '2019-02-12 13:13:05', '2019-02-12 13:13:05', 0x31000000000000000000000000000000, 0x31000000000000000000000000000000, 49, 'Insulation'),
(51, '2019-02-12 13:17:20', '2019-02-12 13:17:20', 0x31000000000000000000000000000000, 0x31000000000000000000000000000000, 49, 'Adhesives & Sealers');

--
-- Daten für Tabelle `product_handling_unit`
--

INSERT IGNORE INTO `product_handling_unit` (`id`, `created_on`, `modified_on`, `created_by_user_oid`, `modified_by_user_oid`, `handling_unit_id`, `product_id`, `qty_per_hu`, `default_handling_unit`) VALUES
(52, '2019-09-04 14:12:32', '2019-09-04 14:12:32', 0x31000000000000000000000000000000, 0x31000000000000000000000000000000, 3, 1, 12, 1),
(53, '2019-09-04 14:12:52', '2019-09-04 14:13:07', 0x31000000000000000000000000000000, 0x31000000000000000000000000000000, 2, 2, 2, 1),
(54, '2019-09-04 14:12:59', '2019-09-04 14:12:59', 0x31000000000000000000000000000000, 0x31000000000000000000000000000000, 1, 2, 1, 0),
(55, '2019-09-04 14:13:31', '2019-09-04 14:13:31', 0x31000000000000000000000000000000, 0x31000000000000000000000000000000, 3, 3, 12, 1),
(56, '2019-09-04 14:13:58', '2019-09-04 14:13:58', 0x31000000000000000000000000000000, 0x31000000000000000000000000000000, 3, 4, 12, 1),
(57, '2019-09-04 14:14:15', '2019-09-04 14:14:15', 0x31000000000000000000000000000000, 0x31000000000000000000000000000000, 3, 5, 12, 1),
(58, '2019-09-04 14:14:22', '2019-09-04 14:14:22', 0x31000000000000000000000000000000, 0x31000000000000000000000000000000, 1, 5, 1, 0),
(59, '2019-09-04 14:14:44', '2019-09-04 14:14:44', 0x31000000000000000000000000000000, 0x31000000000000000000000000000000, 3, 6, 12, 1),
(60, '2019-09-04 14:14:56', '2019-09-04 14:14:56', 0x31000000000000000000000000000000, 0x31000000000000000000000000000000, 3, 7, 12, 1),
(61, '2019-09-04 14:20:34', '2019-09-04 14:20:34', 0x31000000000000000000000000000000, 0x31000000000000000000000000000000, 1, 8, 1, 0),
(62, '2019-09-04 14:20:43', '2019-09-04 14:20:43', 0x31000000000000000000000000000000, 0x31000000000000000000000000000000, 6, 8, 24, 1),
(63, '2019-09-04 14:20:56', '2019-09-04 14:20:56', 0x31000000000000000000000000000000, 0x31000000000000000000000000000000, 1, 9, 1, 1),
(64, '2019-09-04 14:21:08', '2019-09-04 14:21:08', 0x31000000000000000000000000000000, 0x31000000000000000000000000000000, 1, 10, 1, 1),
(65, '2019-09-04 14:21:20', '2019-09-04 14:21:20', 0x31000000000000000000000000000000, 0x31000000000000000000000000000000, 1, 11, 1, 1),
(66, '2019-09-04 14:28:39', '2019-09-04 14:28:39', 0x31000000000000000000000000000000, 0x31000000000000000000000000000000, 6, 12, 6, 1),
(67, '2019-09-04 14:31:46', '2019-09-04 14:31:46', 0x31000000000000000000000000000000, 0x31000000000000000000000000000000, 6, 13, 6, 1),
(68, '2019-09-04 14:32:30', '2019-09-04 14:32:30', 0x31000000000000000000000000000000, 0x31000000000000000000000000000000, 6, 14, 6, 1),
(69, '2019-09-04 14:56:36', '2019-09-04 14:56:36', 0x31000000000000000000000000000000, 0x31000000000000000000000000000000, 6, 15, 8, 1),
(70, '2019-09-04 14:59:57', '2019-09-04 14:59:57', 0x31000000000000000000000000000000, 0x31000000000000000000000000000000, 6, 17, 8, 1),
(71, '2019-09-04 15:06:10', '2019-09-04 15:06:10', 0x31000000000000000000000000000000, 0x31000000000000000000000000000000, 6, 18, 6, 1),
(72, '2019-09-04 21:08:18', '2019-09-04 21:08:18', 0x31000000000000000000000000000000, 0x31000000000000000000000000000000, 4, 19, 115, 1),
(73, '2019-09-04 21:08:55', '2019-09-04 21:08:55', 0x31000000000000000000000000000000, 0x31000000000000000000000000000000, 4, 20, 145, 1),
(74, '2019-09-04 21:16:59', '2019-09-04 21:16:59', 0x31000000000000000000000000000000, 0x31000000000000000000000000000000, 6, 21, 8, 1),
(75, '2019-09-04 21:17:48', '2019-09-04 21:17:48', 0x31000000000000000000000000000000, 0x31000000000000000000000000000000, 6, 23, 8, 1);

--
-- Daten für Tabelle `qty_unit`
--

INSERT IGNORE INTO `qty_unit` (`id`, `created_on`, `modified_on`, `created_by_user_oid`, `modified_by_user_oid`, `name`) VALUES
(52, '2019-09-04 14:43:39', '2019-09-04 14:43:39', 0x31000000000000000000000000000000, 0x31000000000000000000000000000000, 'Stück'),
(53, '2019-09-04 14:43:54', '2019-09-04 14:44:01', 0x31000000000000000000000000000000, 0x31000000000000000000000000000000, 'Kg');

--
-- Daten für Tabelle `shipment`
--

INSERT IGNORE INTO `shipment` (`id`, `created_on`, `created_by_user_oid`, `modified_on`, `modified_by_user_oid`, `delivery_note_number`, `delivery_note_date`, `order_no`, `state`, `from_site_id`, `to_site_id`, `eta`, `shipping_route_id`) VALUES
(1, '1970-01-01 00:00:00', NULL, '2019-09-30 15:32:37', 0x31000000000000000000000000000000, '2018-8976789', '2018-04-05', '', 80, NULL, 2, NULL, NULL),
(2, '1970-01-01 00:00:00', NULL, '2019-02-13 11:46:13', 0x31000000000000000000000000000000, '2018-98766', '2018-04-13', '', 40, 2, NULL, NULL, NULL),
(3, '1970-01-01 00:00:00', NULL, '2019-02-13 11:46:03', 0x31000000000000000000000000000000, '2018-98752', '2018-04-12', '', 40, 2, NULL, NULL, NULL),
(4, '2019-02-12 13:55:51', 0x31000000000000000000000000000000, '2019-12-04 15:17:34', 0x31000000000000000000000000000000, '2018-12655', '2019-02-12', 'E459888', 60, 3, 5, '2019-02-15 09:45:00', NULL),
(5, '2019-02-13 11:16:49', 0x31000000000000000000000000000000, '2019-12-04 15:17:10', 0x31000000000000000000000000000000, '2018-12660', '2019-02-14', 'E459890', 60, 3, 5, '2019-02-15 11:30:00', NULL),
(6, '2019-09-04 16:08:23', 0x31000000000000000000000000000000, '2019-09-19 12:58:50', 0x31000000000000000000000000000000, '2019-65488', '2019-09-05', '65489855', 40, 3, 5, NULL, 52),
(7, '2019-09-04 16:27:18', 0x31000000000000000000000000000000, '2019-09-04 19:14:16', 0x31000000000000000000000000000000, '2019-65489', '2019-09-05', '65489857', 40, 3, 9, NULL, 53),
(8, '2019-09-04 16:28:02', 0x31000000000000000000000000000000, '2019-09-04 19:14:26', 0x31000000000000000000000000000000, '2019-65490', '2019-09-05', '65489859', 40, 3, 10, NULL, 54),
(9, '2019-09-04 20:58:22', 0x31000000000000000000000000000000, '2019-09-04 20:58:22', 0x31000000000000000000000000000000, '2019-65491', '2019-09-05', '65489861', 20, 3, 5, NULL, 57),
(10, '2019-09-04 20:59:19', 0x31000000000000000000000000000000, '2019-09-04 20:59:19', 0x31000000000000000000000000000000, '2019-65492', '2019-09-05', '65489862', 20, 3, 10, NULL, 55),
(11, '2019-09-04 20:59:48', 0x31000000000000000000000000000000, '2019-09-04 20:59:48', 0x31000000000000000000000000000000, '2019-65493', '2019-09-05', '65489863', 20, 3, 9, NULL, 56);

--
-- Daten für Tabelle `shipment_category`
--

INSERT IGNORE INTO `shipment_category` (`id`, `created_on`, `modified_on`, `created_by_user_oid`, `modified_by_user_oid`, `name`) VALUES
(52, '2019-08-30 08:57:59', '2019-08-30 08:58:24', 0x31000000000000000000000000000000, 0x31000000000000000000000000000000, 'LEH Trokensortiment'),
(53, '2019-08-30 08:58:18', '2019-08-30 08:58:18', 0x31000000000000000000000000000000, 0x31000000000000000000000000000000, 'LEH Frische'),
(54, '2019-08-30 08:58:33', '2019-08-30 08:58:33', 0x31000000000000000000000000000000, 0x31000000000000000000000000000000, 'LEH Tiefkühl'),
(55, '2019-08-30 08:58:41', '2019-08-30 08:58:41', 0x31000000000000000000000000000000, 0x31000000000000000000000000000000, 'LEH Obst&Gemüse');

--
-- Daten für Tabelle `shipment_lu`
--

INSERT IGNORE INTO `shipment_lu` (`id`, `created_on`, `created_by_user_oid`, `modified_on`, `modified_by_user_oid`, `shipment_id`, `description`, `scancode`, `qty`, `length`, `width`, `height`, `weight`, `shipment_category_id`) VALUES
(4, '2019-02-13 11:08:15', 0x31000000000000000000000000000000, '2019-08-30 09:04:46', 0x31000000000000000000000000000000, 4, 'Palette', '1000654894555', 1, NULL, NULL, NULL, NULL, 53),
(5, '2019-02-13 11:09:18', 0x31000000000000000000000000000000, '2019-08-30 09:04:53', 0x31000000000000000000000000000000, 4, 'Palette', '1000654894248', 1, NULL, NULL, NULL, NULL, 53),
(6, '2019-02-13 11:09:55', 0x31000000000000000000000000000000, '2019-08-30 09:05:03', 0x31000000000000000000000000000000, 4, 'Palette', '1000654894655', 1, NULL, NULL, NULL, NULL, 52),
(8, '2019-02-13 11:11:20', 0x31000000000000000000000000000000, '2019-08-30 09:05:10', 0x31000000000000000000000000000000, 4, 'Palette', '1000654894599', 1, NULL, NULL, NULL, NULL, 54),
(9, '2019-02-13 11:11:39', 0x31000000000000000000000000000000, '2019-08-30 09:05:16', 0x31000000000000000000000000000000, 4, 'Palette', '1000654894655', 1, NULL, NULL, NULL, NULL, 55),
(11, '2019-02-13 11:16:49', 0x31000000000000000000000000000000, '2019-08-30 09:04:00', 0x31000000000000000000000000000000, 5, 'Palette', '1000654894666', 1, NULL, NULL, NULL, NULL, 52),
(12, '2019-02-13 11:16:49', 0x31000000000000000000000000000000, '2019-08-30 09:04:07', 0x31000000000000000000000000000000, 5, 'Palette', '1000654894544', 1, NULL, NULL, NULL, NULL, 52),
(13, '2019-02-13 11:16:49', 0x31000000000000000000000000000000, '2019-08-30 09:04:13', 0x31000000000000000000000000000000, 5, 'Palette', '1000654894112', 1, NULL, NULL, NULL, NULL, 52);

--
-- Daten für Tabelle `shipping_route`
--

INSERT IGNORE INTO `shipping_route` (`id`, `created_on`, `modified_on`, `created_by_user_oid`, `modified_by_user_oid`, `vehicle_type_id`, `departure_date`, `departure_time`, `departure_site_id`, `departure_yard_order_id`, `arrival_date`, `arrival_time`, `destination_site_id`, `destination_yard_order_id`) VALUES
(52, '2019-09-04 19:12:48', '2019-09-04 19:12:48', 0x31000000000000000000000000000000, 0x31000000000000000000000000000000, 1, '2019-09-05', '07:00:00', 3, 54893, NULL, NULL, 5, NULL),
(53, '2019-09-04 19:13:09', '2019-09-04 19:13:09', 0x31000000000000000000000000000000, 0x31000000000000000000000000000000, 1, '2019-09-05', '08:00:00', 3, 54892, NULL, NULL, 9, NULL),
(54, '2019-09-04 19:13:28', '2019-09-04 20:40:46', 0x31000000000000000000000000000000, 0x31000000000000000000000000000000, 1, '2019-09-05', '07:00:00', 3, 54891, NULL, NULL, 10, NULL),
(55, '2019-09-04 20:41:32', '2019-09-04 20:41:32', 0x31000000000000000000000000000000, 0x31000000000000000000000000000000, 1, '2019-09-05', '09:00:00', 3, 54891, NULL, NULL, 10, NULL),
(56, '2019-09-04 20:53:24', '2019-09-04 20:53:24', 0x31000000000000000000000000000000, 0x31000000000000000000000000000000, 1, '2019-09-05', '10:00:00', 3, 54891, NULL, NULL, 9, NULL),
(57, '2019-09-04 20:53:41', '2019-09-04 20:53:41', 0x31000000000000000000000000000000, 0x31000000000000000000000000000000, 1, '2019-09-05', '11:00:00', 3, 54891, NULL, NULL, 5, NULL);

--
-- Daten für Tabelle `site`
--

INSERT IGNORE INTO `site` (`id`, `created_on`, `modified_on`, `created_by_user_oid`, `modified_by_user_oid`, `code`, `name`, `company_id`, `site_type_id`) VALUES
(1, '1970-01-01 00:00:00', '1970-01-01 00:00:00', NULL, NULL, 'DRS', 'Dresden', 1, 1),
(2, '1970-01-01 00:00:00', '1970-01-01 00:00:00', NULL, NULL, 'LDB', 'Ladenburg', 1, 1),
(3, '2019-02-08 11:46:28', '2019-02-08 11:55:20', 0x31000000000000000000000000000000, 0x31000000000000000000000000000000, 'STR', 'Striegistal', 1, 2),
(4, '2019-02-08 11:58:34', '2019-02-08 11:58:34', 0x31000000000000000000000000000000, 0x31000000000000000000000000000000, '87895', 'Rotkäppchen-Mumm', 2, 3),
(5, '2019-02-12 13:54:43', '2019-02-12 13:54:43', 0x31000000000000000000000000000000, 0x31000000000000000000000000000000, '134566', 'Edeka Dresden-Prohlis', 3, 6),
(6, '2019-02-12 14:01:55', '2019-02-12 14:01:55', 0x31000000000000000000000000000000, 0x31000000000000000000000000000000, '100', 'Store Dresden Altmarkt-Galerie', 4, 4),
(7, '2019-02-12 14:02:31', '2019-02-12 14:02:32', 0x31000000000000000000000000000000, 0x31000000000000000000000000000000, '101', 'Store Leipzig Höfe am Brühl', 4, 4),
(8, '2019-02-12 14:02:51', '2019-02-12 14:02:51', 0x31000000000000000000000000000000, 0x31000000000000000000000000000000, '103', 'Store Dresden Elbepark', 4, 4),
(9, '2019-09-04 16:10:12', '2019-09-04 16:11:41', 0x31000000000000000000000000000000, 0x31000000000000000000000000000000, '134567', 'E Center Jäkel, Dresden', 3, 6),
(10, '2019-09-04 16:11:24', '2019-09-04 16:11:49', 0x31000000000000000000000000000000, 0x31000000000000000000000000000000, '134568', 'EDEKA Lamm, Meißen', 3, 6);

--
-- Daten für Tabelle `site_type`
--

INSERT IGNORE INTO `site_type` (`id`, `created_on`, `modified_on`, `created_by_user_oid`, `modified_by_user_oid`, `name`, `category`) VALUES
(1, '2019-02-08 12:19:21', '2019-02-08 12:19:21', 0x31000000000000000000000000000000, 0x31000000000000000000000000000000, 'Warehouse', 'W'),
(2, '2019-02-08 12:19:36', '2019-02-08 12:19:36', 0x31000000000000000000000000000000, 0x31000000000000000000000000000000, 'Distribution Centre', 'W'),
(3, '2019-02-08 12:19:48', '2019-02-08 12:19:48', 0x31000000000000000000000000000000, 0x31000000000000000000000000000000, 'Supplier', 'S'),
(4, '2019-02-12 13:45:04', '2019-02-12 13:45:04', 0x31000000000000000000000000000000, 0x31000000000000000000000000000000, 'Store', 'C'),
(5, '2019-02-12 13:45:29', '2019-02-12 13:45:29', 0x31000000000000000000000000000000, 0x31000000000000000000000000000000, 'Franchiser', 'C'),
(6, '2019-02-12 13:45:37', '2019-02-12 13:45:37', 0x31000000000000000000000000000000, 0x31000000000000000000000000000000, 'Customer', 'C');

--
-- Daten für Tabelle `storage_area`
--

INSERT IGNORE INTO `storage_area` (`id`, `code`, `site_id`, `created_on`, `modified_on`, `created_by_user_oid`, `modified_by_user_oid`) VALUES
(1, 'Y1 Pallet', 2, '2018-06-20 14:55:13', '2018-06-20 14:55:13', NULL, NULL),
(2, 'H1 Block', 2, '2018-06-20 14:55:13', '2018-06-20 14:55:13', NULL, NULL),
(3, 'H2 Pallet', 2, '2018-06-20 14:55:13', '2018-06-20 14:55:13', NULL, NULL),
(4, 'H2 Shelf', 2, '2018-06-20 14:55:13', '2018-06-20 14:55:13', NULL, NULL),
(5, 'H1 Gates', 2, '2018-06-20 14:55:13', '2018-06-20 14:55:13', NULL, NULL),
(6, 'H2 Packers', 2, '2018-06-20 14:55:13', '2018-06-20 14:55:13', NULL, NULL),
(7, 'Y1 Parking', 2, '2018-06-20 14:55:13', '2018-06-20 14:55:13', NULL, NULL),
(8, 'H2 Autostore', 2, '2018-06-20 14:55:13', '2018-06-20 14:55:13', NULL, NULL),
(9, 'H1 Pallet', 3, '2019-09-04 15:25:36', '2019-09-04 15:25:36', 0x31000000000000000000000000000000, 0x31000000000000000000000000000000),
(10, 'H1 Shelf 1', 3, '2019-09-04 15:26:04', '2019-09-04 15:26:04', 0x31000000000000000000000000000000, 0x31000000000000000000000000000000),
(11, 'H1 Shelf 2', 3, '2019-09-04 15:26:09', '2019-09-04 15:26:09', 0x31000000000000000000000000000000, 0x31000000000000000000000000000000),
(12, 'H2 Shelf', 3, '2019-09-04 15:26:18', '2019-09-04 15:26:18', 0x31000000000000000000000000000000, 0x31000000000000000000000000000000),
(13, 'H2 Cold', 3, '2019-09-04 15:27:09', '2019-09-04 15:27:31', 0x31000000000000000000000000000000, 0x31000000000000000000000000000000),
(14, 'H1 PCK', 3, '2019-09-04 16:01:11', '2019-09-04 16:01:29', 0x31000000000000000000000000000000, 0x31000000000000000000000000000000),
(15, 'H1 GATES', 3, '2019-09-04 16:02:25', '2019-09-04 16:02:25', 0x31000000000000000000000000000000, 0x31000000000000000000000000000000);

--
-- Daten für Tabelle `storage_location`
--

INSERT IGNORE INTO `storage_location` (`id`, `code`, `storage_area_id`, `created_on`, `modified_on`, `created_by_user_oid`, `modified_by_user_oid`) VALUES
(1, 'A01 FDS', 1, '1970-01-01 00:00:00', '1970-01-01 00:00:00', NULL, NULL),
(2, 'A01 FDT', 1, '1970-01-01 00:00:00', '1970-01-01 00:00:00', NULL, NULL),
(3, 'A01 AKL', 1, '1970-01-01 00:00:00', '1970-01-01 00:00:00', NULL, NULL),
(4, 'I13 AKL', 3, '1970-01-01 00:00:00', '1970-01-01 00:00:00', NULL, NULL),
(5, 'I13 ISX', 3, '1970-01-01 00:00:00', '2019-05-06 14:39:54', NULL, 0x31000000000000000000000000000000),
(6, 'A23 ISD', 1, '1970-01-01 00:00:00', '2019-05-06 14:39:54', NULL, 0x31000000000000000000000000000000),
(7, 'A23 ISX', 1, '1970-01-01 00:00:00', '2019-05-06 14:39:54', NULL, 0x31000000000000000000000000000000),
(8, 'A30 ISD', 1, '1970-01-01 00:00:00', '1970-01-01 00:00:00', NULL, NULL),
(9, 'A30 FXS', 1, '1970-01-01 00:00:00', '1970-01-01 00:00:00', NULL, NULL),
(10, 'GATE 001', 5, '1970-01-01 00:00:00', '1970-01-01 00:00:00', NULL, NULL),
(11, 'GATE 002', 5, '1970-01-01 00:00:00', '1970-01-01 00:00:00', NULL, NULL),
(12, 'GATE 003', 5, '1970-01-01 00:00:00', '1970-01-01 00:00:00', NULL, NULL),
(13, 'PARK 004', 7, '1970-01-01 00:00:00', '1970-01-01 00:00:00', NULL, NULL),
(14, 'PARK 005', 7, '1970-01-01 00:00:00', '1970-01-01 00:00:00', NULL, NULL),
(15, 'PCK 001', 6, '2018-06-20 12:49:21', '2018-06-20 12:49:21', NULL, NULL),
(16, 'PCK 002', 6, '2018-06-20 12:49:29', '2018-06-20 12:49:21', NULL, NULL),
(17, 'PCK 003', 6, '2018-06-20 12:49:36', '2018-06-20 12:49:21', NULL, NULL),
(18, 'PCK 004', 6, '2018-06-20 12:49:49', '2018-06-20 12:49:21', NULL, NULL),
(19, 'S18 RDZ', 4, '2018-06-21 04:54:34', '2018-11-02 12:03:32', 0x31000000000000000000000000000000, 0x31000000000000000000000000000000),
(20, 'S18 RDY', 4, '2018-06-21 04:54:45', '2018-06-21 05:00:30', 0x31000000000000000000000000000000, 0x31000000000000000000000000000000),
(21, 'S18 HKX', 4, '2018-06-21 04:55:03', '2018-06-21 05:00:45', 0x31000000000000000000000000000000, 0x31000000000000000000000000000000),
(22, 'T01 A44', 8, '2018-06-21 05:01:35', '2018-06-21 05:00:45', 0x31000000000000000000000000000000, 0x31000000000000000000000000000000),
(23, 'T01 A45', 8, '2018-06-21 05:01:53', '2018-06-21 05:00:45', 0x31000000000000000000000000000000, 0x31000000000000000000000000000000),
(24, 'T01 A80', 8, '2018-06-21 05:02:02', '2018-06-21 05:00:45', 0x31000000000000000000000000000000, 0x31000000000000000000000000000000),
(25, 'G1P1', 9, '2019-09-04 15:54:28', '2019-09-04 15:57:18', 0x31000000000000000000000000000000, 0x31000000000000000000000000000000),
(26, 'G1P2', 9, '2019-09-04 15:57:06', '2019-09-04 15:57:22', 0x31000000000000000000000000000000, 0x31000000000000000000000000000000),
(27, 'G1P3', 9, '2019-09-04 15:57:33', '2019-09-04 15:57:33', 0x31000000000000000000000000000000, 0x31000000000000000000000000000000),
(28, 'G1P4', 9, '2019-09-04 15:57:38', '2019-09-04 15:57:38', 0x31000000000000000000000000000000, 0x31000000000000000000000000000000),
(29, 'G1R1B1', 10, '2019-09-04 15:58:02', '2019-09-04 15:58:02', 0x31000000000000000000000000000000, 0x31000000000000000000000000000000),
(30, 'G2R3B6', 10, '2019-09-04 15:58:14', '2019-09-04 15:58:20', 0x31000000000000000000000000000000, 0x31000000000000000000000000000000),
(31, 'G2R3B7', 10, '2019-09-04 15:58:26', '2019-09-04 15:58:26', 0x31000000000000000000000000000000, 0x31000000000000000000000000000000),
(32, 'G2R3B8', 10, '2019-09-04 15:58:33', '2019-09-04 15:58:33', 0x31000000000000000000000000000000, 0x31000000000000000000000000000000),
(33, 'G3R1B1', 13, '2019-09-04 16:00:11', '2019-09-04 16:00:11', 0x31000000000000000000000000000000, 0x31000000000000000000000000000000),
(34, 'G3R1B3', 13, '2019-09-04 16:00:20', '2019-09-04 16:00:25', 0x31000000000000000000000000000000, 0x31000000000000000000000000000000),
(35, 'PACK1', 14, '2019-09-04 16:01:52', '2019-09-04 16:01:52', 0x31000000000000000000000000000000, 0x31000000000000000000000000000000),
(36, 'PACK2', 14, '2019-09-04 16:01:59', '2019-09-04 16:01:59', 0x31000000000000000000000000000000, 0x31000000000000000000000000000000),
(37, 'PACK3', 14, '2019-09-04 16:02:07', '2019-09-04 16:02:07', 0x31000000000000000000000000000000, 0x31000000000000000000000000000000),
(38, 'GATE001', 15, '2019-09-04 16:02:49', '2019-09-04 16:03:01', 0x31000000000000000000000000000000, 0x31000000000000000000000000000000),
(39, 'GATE002', 15, '2019-09-04 16:03:08', '2019-09-04 16:03:08', 0x31000000000000000000000000000000, 0x31000000000000000000000000000000),
(40, 'GATE003', 15, '2019-09-04 16:03:13', '2019-09-04 16:03:14', 0x31000000000000000000000000000000, 0x31000000000000000000000000000000);

--
-- Daten für Tabelle `vehicle_type`
--

INSERT IGNORE INTO `vehicle_type` (`id`, `created_on`, `modified_on`, `created_by_user_oid`, `modified_by_user_oid`, `name`) VALUES
(1, '2019-02-08 14:11:49', '2019-02-08 14:11:49', 0x31000000000000000000000000000000, 0x31000000000000000000000000000000, 'Truck'),
(2, '2019-02-08 14:12:08', '2019-02-08 14:12:09', 0x31000000000000000000000000000000, 0x31000000000000000000000000000000, 'Swap Body');

--
-- Daten für Tabelle `worker_schedule`
--

INSERT IGNORE INTO `worker_schedule` (`id`, `created_on`, `modified_on`, `created_by_user_oid`, `modified_by_user_oid`, `site_id`, `user`, `hours`, `date`) VALUES
(1, '2018-06-27 21:57:18', '2018-06-27 22:11:49', 0x31000000000000000000000000000000, 0x31000000000000000000000000000000, 2, 'LDB-P02', 8, '2018-06-29'),
(2, '2018-06-27 21:58:23', '2018-06-27 22:11:49', 0x31000000000000000000000000000000, 0x31000000000000000000000000000000, 2, 'LDB-P03', 8, '2018-06-29'),
(3, '2018-06-27 21:58:29', '2018-06-27 22:12:03', 0x31000000000000000000000000000000, 0x31000000000000000000000000000000, 2, 'LDB-P05', 8, '2018-06-29'),
(4, '2018-06-27 21:58:39', '2018-06-27 22:12:03', 0x31000000000000000000000000000000, 0x31000000000000000000000000000000, 2, 'LDB-L23', 8, '2018-06-29'),
(5, '2018-06-27 21:58:50', '2018-06-27 22:12:03', 0x31000000000000000000000000000000, 0x31000000000000000000000000000000, 2, 'LDB-L28', 8, '2018-06-29'),
(6, '2018-06-27 22:03:22', '2018-06-27 22:06:37', 0x31000000000000000000000000000000, 0x31000000000000000000000000000000, 2, 'LDB-P02', 8, '2018-06-26'),
(7, '2018-06-27 22:03:22', '2018-06-27 22:06:37', 0x31000000000000000000000000000000, 0x31000000000000000000000000000000, 2, 'LDB-P03', 8, '2018-06-26'),
(8, '2018-06-27 22:03:22', '2018-06-27 22:06:37', 0x31000000000000000000000000000000, 0x31000000000000000000000000000000, 2, 'LDB-P04', 8, '2018-06-26'),
(9, '2018-06-27 22:03:22', '2018-06-27 22:06:37', 0x31000000000000000000000000000000, 0x31000000000000000000000000000000, 2, 'LDB-L22', 8, '2018-06-26'),
(10, '2018-06-27 22:03:22', '2018-06-27 22:06:37', 0x31000000000000000000000000000000, 0x31000000000000000000000000000000, 2, 'LDB-L28', 8, '2018-06-26'),
(11, '2018-06-27 22:06:56', '2018-06-27 22:07:32', 0x31000000000000000000000000000000, 0x31000000000000000000000000000000, 2, 'LDB-P01', 8, '2018-06-25'),
(12, '2018-06-27 22:06:56', '2018-06-27 22:07:17', 0x31000000000000000000000000000000, 0x31000000000000000000000000000000, 2, 'LDB-P03', 8, '2018-06-25'),
(13, '2018-06-27 22:06:56', '2018-06-27 22:07:17', 0x31000000000000000000000000000000, 0x31000000000000000000000000000000, 2, 'LDB-P04', 8, '2018-06-25'),
(14, '2018-06-27 22:06:56', '2018-06-27 22:07:17', 0x31000000000000000000000000000000, 0x31000000000000000000000000000000, 2, 'LDB-L22', 8, '2018-06-25'),
(15, '2018-06-27 22:06:56', '2018-06-27 22:07:40', 0x31000000000000000000000000000000, 0x31000000000000000000000000000000, 2, 'LDB-L23', 8, '2018-06-25'),
(16, '2018-06-27 22:08:14', '2018-06-27 21:57:18', 0x31000000000000000000000000000000, 0x31000000000000000000000000000000, 2, 'LDB-P02', 8, '2018-06-27'),
(17, '2018-06-27 22:08:14', '2018-06-27 21:57:18', 0x31000000000000000000000000000000, 0x31000000000000000000000000000000, 2, 'LDB-P03', 8, '2018-06-27'),
(18, '2018-06-27 22:08:14', '2018-06-27 21:57:18', 0x31000000000000000000000000000000, 0x31000000000000000000000000000000, 2, 'LDB-P04', 8, '2018-06-27'),
(19, '2018-06-27 22:08:14', '2018-06-27 21:57:18', 0x31000000000000000000000000000000, 0x31000000000000000000000000000000, 2, 'LDB-L22', 8, '2018-06-27'),
(20, '2018-06-27 22:08:14', '2018-06-27 21:57:18', 0x31000000000000000000000000000000, 0x31000000000000000000000000000000, 2, 'LDB-L28', 8, '2018-06-27'),
(21, '2018-06-27 22:08:52', '2018-06-27 22:08:23', 0x31000000000000000000000000000000, 0x31000000000000000000000000000000, 2, 'LDB-P02', 8, '2018-06-28'),
(22, '2018-06-27 22:08:52', '2018-06-27 22:08:23', 0x31000000000000000000000000000000, 0x31000000000000000000000000000000, 2, 'LDB-P03', 8, '2018-06-28'),
(23, '2018-06-27 22:08:52', '2018-06-27 22:08:42', 0x31000000000000000000000000000000, 0x31000000000000000000000000000000, 2, 'LDB-P05', 8, '2018-06-28'),
(24, '2018-06-27 22:08:52', '2018-06-27 22:08:34', 0x31000000000000000000000000000000, 0x31000000000000000000000000000000, 2, 'LDB-L23', 8, '2018-06-28'),
(25, '2018-06-27 22:08:52', '2018-06-27 22:08:23', 0x31000000000000000000000000000000, 0x31000000000000000000000000000000, 2, 'LDB-L28', 8, '2018-06-28');

--
-- Daten für Tabelle `yard_order`
--

INSERT IGNORE INTO `yard_order` (`id`, `created_on`, `modified_on`, `created_by_user_oid`, `modified_by_user_oid`, `direction`, `vehicle_type_id`, `vehicle_lic`, `state`, `site_id`, `gate_id`, `date_scheduled`, `time_scheduled`, `supplier_site_id`, `carrier_id`, `order_no`, `number_of_lus`) VALUES
(54887, '2019-02-08 14:14:59', '2019-03-07 12:41:13', 0x31000000000000000000000000000000, 0x31000000000000000000000000000000, 'IN', 1, '', 20, 3, 35, '2019-02-08', '08:00:00', NULL, 18, '', NULL),
(54888, '2019-02-11 09:45:33', '2019-03-07 12:41:02', 0x31000000000000000000000000000000, 0x31000000000000000000000000000000, 'IN', 1, 'HH AS 9865', 20, 3, 22, '2019-02-11', '12:00:00', NULL, 18, '87654655', NULL),
(54889, '2019-02-11 09:48:48', '2019-03-07 12:41:24', 0x31000000000000000000000000000000, 0x31000000000000000000000000000000, 'IN', 1, 'HH WM 5489', 20, 3, 23, '2019-02-11', '13:45:00', NULL, 18, 'O894855', NULL),
(54890, '2019-02-11 09:50:22', '2019-02-11 16:47:41', 0x31000000000000000000000000000000, 0x31000000000000000000000000000000, 'IN', 1, 'HH WM 3345', 10, 3, 22, '2019-02-11', '16:00:00', NULL, 18, 'O894870', 19),
(54891, '2019-09-04 18:51:24', '2019-09-04 18:51:24', 0x31000000000000000000000000000000, 0x31000000000000000000000000000000, 'OUT', 1, '', 50, 3, 18, '2019-09-05', '09:00:00', NULL, 18, '', NULL),
(54892, '2019-09-04 18:53:44', '2019-09-04 18:53:44', 0x31000000000000000000000000000000, 0x31000000000000000000000000000000, 'OUT', 1, '', 50, 3, 19, '2019-09-05', '08:00:00', NULL, 18, '', NULL),
(54893, '2019-09-04 18:54:03', '2019-09-04 18:54:03', 0x31000000000000000000000000000000, 0x31000000000000000000000000000000, 'OUT', 1, '', 50, 3, 20, '2019-09-05', '07:00:00', NULL, 18, '', NULL);